market,keyword,page,period_1,period_2,clicks_p1,clicks_p2,clicks_diff,clicks_pct_change,impressions_p1,impressions_p2,impressions_diff,impressions_pct_change,avg_position_p1,avg_position_p2,position_diff,contribution_pct,trend,impact_score,performance_flag
France,open water wetsuit,/fr/swimming/open-water-swimming,2025-02-01 to 2025-04-30,2026-02-01 to 2026-04-30,3491,2674,-817,-0.234,32376,34521,2145,0.0663,7.1053091796392405,7.693923698618229,0.59,0.0129,Strong Decline,1008.18,Traffic Loss + Ranking Decline
France,outdoor walking shoes,/fr/hiking/walking-shoes,2025-02-01 to 2025-04-30,2026-02-01 to 2026-04-30,2953,2180,-773,-0.2618,28389,30323,1934,0.0681,7.067718482510834,7.694278600402336,0.63,0.0122,Strong Decline,975.37,Traffic Loss + Ranking Decline
France,walking shoes,/fr/hiking/walking-shoes,2025-02-01 to 2025-04-30,2026-02-01 to 2026-04-30,2866,2135,-731,-0.2551,27194,30212,3018,0.111,7.576293299992645,7.7440814907983535,0.17,0.0115,Strong Decline,917.48,Traffic Loss + Ranking Decline
France,trail running shoes,/fr/running/running-shoes,2025-02-01 to 2025-04-30,2026-02-01 to 2026-04-30,2987,2281,-706,-0.2364,28529,30749,2220,0.0778,7.517889165410633,7.772439103710689,0.25,0.0111,Strong Decline,872.9,Traffic Loss + Ranking Decline
France,rock climbing rope,/fr/climbing/ropes,2025-02-01 to 2025-04-30,2026-02-01 to 2026-04-30,2990,2305,-685,-0.2291,28114,32646,4532,0.1612,6.7611784164473185,7.632325246584571,0.87,0.0108,Strong Decline,841.93,Traffic Loss + Ranking Decline
France,womens ski boots,/fr/snowsports/ski-boots,2025-02-01 to 2025-04-30,2026-02-01 to 2026-04-30,2908,2236,-672,-0.2311,27227,29454,2227,0.0818,6.858237411393096,7.0125619610239704,0.15,0.0106,Strong Decline,827.3,Traffic Loss + Ranking Decline
France,sports sunglasses,/fr/accessories/sunglasses/oakley,2025-02-01 to 2025-04-30,2026-02-01 to 2026-04-30,3104,2448,-656,-0.2113,29135,32848,3713,0.1274,6.645643727475546,6.953425170482221,0.31,0.0103,Strong Decline,794.61,Traffic Loss + Ranking Decline
France,lightweight walking shoes,/fr/hiking/walking-shoes,2025-02-01 to 2025-04-30,2026-02-01 to 2026-04-30,2962,2326,-636,-0.2147,28647,31674,3027,0.1057,7.1053213250951215,8.254598408789542,1.15,0.01,Strong Decline,772.55,Traffic Loss + Ranking Decline
France,winter gloves,/fr/brands/hestra/gloves,2025-02-01 to 2025-04-30,2026-02-01 to 2026-04-30,3083,2444,-639,-0.2073,28392,31634,3242,0.1142,6.784859467455622,6.698263261048236,-0.09,0.0101,Strong Decline,771.46,Traffic Loss Despite Position Gain
France,ski gloves,/fr/brands/hestra/gloves,2025-02-01 to 2025-04-30,2026-02-01 to 2026-04-30,2885,2277,-608,-0.2107,27128,29962,2834,0.1045,7.191832055440875,7.556144783392295,0.36,0.0096,Strong Decline,736.11,Traffic Loss + Ranking Decline
France,north face waterproof jacket,/fr/outdoor/waterproof-jackets,2025-02-01 to 2025-04-30,2026-02-01 to 2026-04-30,2950,2362,-588,-0.1993,28740,31448,2708,0.0942,6.495940501043844,7.765799732892403,1.27,0.0093,Decline,705.19,Traffic Loss + Ranking Decline
France,climbing ropes,/fr/climbing/ropes,2025-02-01 to 2025-04-30,2026-02-01 to 2026-04-30,2935,2355,-580,-0.1976,27482,31711,4229,0.1539,6.819422531111272,6.998528901642962,0.18,0.0091,Decline,694.61,Traffic Loss + Ranking Decline
France,hiking boots,/fr/hiking/hiking-boots,2025-02-01 to 2025-04-30,2026-02-01 to 2026-04-30,2859,2288,-571,-0.1997,28378,31499,3121,0.11,7.349067587567832,7.562665481443856,0.21,0.009,Decline,685.03,Traffic Loss + Ranking Decline
France,family camping tent,/fr/camping/tents,2025-02-01 to 2025-04-30,2026-02-01 to 2026-04-30,3097,2525,-572,-0.1847,28665,33334,4669,0.1629,7.256385138670849,7.05979000419992,-0.2,0.009,Decline,677.65,Traffic Loss Despite Position Gain
France,open water swimming,/fr/swimming/open-water-swimming,2025-02-01 to 2025-04-30,2026-02-01 to 2026-04-30,2968,2407,-561,-0.189,27648,31886,4238,0.1533,6.9694534866898135,8.242612431788244,1.27,0.0088,Decline,667.03,Traffic Loss + Ranking Decline
France,camping tents,/fr/camping/tents,2025-02-01 to 2025-04-30,2026-02-01 to 2026-04-30,2906,2352,-554,-0.1906,27259,30688,3429,0.1258,7.149276202355185,7.448343000521372,0.3,0.0087,Decline,659.59,Traffic Loss + Ranking Decline
France,lightweight tent,/fr/camping/tents,2025-02-01 to 2025-04-30,2026-02-01 to 2026-04-30,3014,2479,-535,-0.1775,28726,32609,3883,0.1352,7.2091157836106685,7.032148486614124,-0.18,0.0084,Decline,629.96,Traffic Loss Despite Position Gain
France,outdoor fleece,/fr/brands/patagonia/fleeces,2025-02-01 to 2025-04-30,2026-02-01 to 2026-04-30,3003,2470,-533,-0.1775,28250,32623,4373,0.1548,6.982360353982299,7.386371578334307,0.4,0.0084,Decline,627.61,Traffic Loss + Ranking Decline
France,oakley sunglasses,/fr/accessories/sunglasses/oakley,2025-02-01 to 2025-04-30,2026-02-01 to 2026-04-30,3041,2546,-495,-0.1628,28051,32926,4875,0.1738,6.697877437524512,6.848597460973088,0.15,0.0078,Decline,575.59,Traffic Loss + Ranking Decline
France,waterproof jackets,/fr/outdoor/waterproof-jackets,2025-02-01 to 2025-04-30,2026-02-01 to 2026-04-30,3019,2556,-463,-0.1534,29006,33396,4390,0.1513,6.782227125422326,8.12321894837705,1.34,0.0073,Decline,534.02,Traffic Loss + Ranking Decline
France,snowboard boots,/fr/snowsports/snowboard-boots,2025-02-01 to 2025-04-30,2026-02-01 to 2026-04-30,2994,2535,-459,-0.1533,27652,32073,4421,0.1599,6.505399609431505,7.06128363420946,0.56,0.0072,Decline,529.36,Traffic Loss + Ranking Decline
France,atomic skis,/fr/snowsports/skis,2025-02-01 to 2025-04-30,2026-02-01 to 2026-04-30,2739,2290,-449,-0.1639,26753,30434,3681,0.1376,6.979564534818529,6.969126963264767,-0.01,0.0071,Decline,522.59,Traffic Loss Despite Position Gain
France,ski sunglasses,/fr/accessories/sunglasses/oakley,2025-02-01 to 2025-04-30,2026-02-01 to 2026-04-30,2895,2453,-442,-0.1527,26748,31087,4339,0.1622,6.693757664124421,7.144489979734297,0.45,0.007,Decline,509.49,Traffic Loss + Ranking Decline
France,patagonia fleece,/fr/brands/patagonia/fleeces,2025-02-01 to 2025-04-30,2026-02-01 to 2026-04-30,2995,2557,-438,-0.1462,28648,33150,4502,0.1571,7.5967289165037695,7.276869079939668,-0.32,0.0069,Decline,502.04,Traffic Loss Despite Position Gain
France,indoor climbing rope,/fr/climbing/ropes,2025-02-01 to 2025-04-30,2026-02-01 to 2026-04-30,2787,2366,-421,-0.1511,26547,32266,5719,0.2154,6.90638753908163,7.15297836732164,0.25,0.0066,Decline,484.61,Traffic Loss + Ranking Decline
France,mens snowboard boots,/fr/snowsports/snowboard-boots,2025-02-01 to 2025-04-30,2026-02-01 to 2026-04-30,2868,2460,-408,-0.1423,26778,31208,4430,0.1654,6.8552905370079875,7.6386903998974605,0.78,0.0064,Decline,466.06,Traffic Loss + Ranking Decline
France,ski jackets,/fr/snowsports/ski-jackets,2025-02-01 to 2025-04-30,2026-02-01 to 2026-04-30,2711,2308,-403,-0.1487,26041,30356,4315,0.1657,6.989685879958523,7.143254381341414,0.15,0.0064,Decline,462.93,Traffic Loss + Ranking Decline
France,salomon running shoes,/fr/running/running-shoes,2025-02-01 to 2025-04-30,2026-02-01 to 2026-04-30,2823,2423,-400,-0.1417,26548,32582,6034,0.2273,6.906994500527348,8.182930145479096,1.28,0.0063,Decline,456.68,Traffic Loss + Ranking Decline
France,waterproof hiking boots,/fr/hiking/hiking-boots,2025-02-01 to 2025-04-30,2026-02-01 to 2026-04-30,2822,2428,-394,-0.1396,26744,34066,7322,0.2738,7.65574596171104,7.398795573298893,-0.26,0.0062,Decline,449.0,Traffic Loss Despite Position Gain
France,ski boots,/fr/snowsports/ski-boots,2025-02-01 to 2025-04-30,2026-02-01 to 2026-04-30,2692,2304,-388,-0.1441,25290,29808,4518,0.1786,6.6398999604586795,7.416438875469673,0.78,0.0061,Decline,443.91,Traffic Loss + Ranking Decline
France,wild swimming gear,/fr/swimming/open-water-swimming,2025-02-01 to 2025-04-30,2026-02-01 to 2026-04-30,2760,2377,-383,-0.1388,26150,31440,5290,0.2023,7.028300573613769,7.40211545801527,0.37,0.006,Decline,436.16,Traffic Loss + Ranking Decline
France,mens ski boots,/fr/snowsports/ski-boots,2025-02-01 to 2025-04-30,2026-02-01 to 2026-04-30,2794,2435,-359,-0.1285,26460,31450,4990,0.1886,7.149544973544973,6.617378378378375,-0.53,0.0057,Decline,405.13,Traffic Loss Despite Position Gain
France,waterproof ski jacket,/fr/snowsports/ski-jackets,2025-02-01 to 2025-04-30,2026-02-01 to 2026-04-30,2835,2490,-345,-0.1217,26182,32067,5885,0.2248,7.019132992132001,7.3643100383571864,0.35,0.0054,Decline,386.99,Traffic Loss + Ranking Decline
France,fleece mid layer,/fr/brands/patagonia/fleeces,2025-02-01 to 2025-04-30,2026-02-01 to 2026-04-30,2939,2596,-343,-0.1167,27015,33832,6817,0.2523,7.040753285211921,7.091402222747694,0.05,0.0054,Decline,383.03,Traffic Loss + Ranking Decline
France,all mountain skis,/fr/snowsports/skis,2025-02-01 to 2025-04-30,2026-02-01 to 2026-04-30,2808,2488,-320,-0.114,26901,31963,5062,0.1882,6.627307535035875,7.151394737665427,0.52,0.005,Decline,356.48,Traffic Loss + Ranking Decline
France,running shoes,/fr/running/running-shoes,2025-02-01 to 2025-04-30,2026-02-01 to 2026-04-30,2798,2512,-286,-0.1022,27146,32974,5828,0.2147,6.5187979812863786,7.229109601504216,0.71,0.0045,Decline,315.23,Traffic Loss + Ranking Decline
France,mens hiking boots,/fr/hiking/hiking-boots,2025-02-01 to 2025-04-30,2026-02-01 to 2026-04-30,2829,2543,-286,-0.1011,27264,34551,7287,0.2673,7.221908010563378,7.659151109953404,0.44,0.0045,Decline,314.91,Traffic Loss + Ranking Decline
France,helly hansen ski jacket,/fr/snowsports/ski-jackets,2025-02-01 to 2025-04-30,2026-02-01 to 2026-04-30,2793,2534,-259,-0.0927,26897,31810,4913,0.1827,7.1043350559541985,6.632412448915433,-0.47,0.0041,Decline,283.01,Traffic Loss Despite Position Gain
France,burton snowboard boots,/fr/snowsports/snowboard-boots,2025-02-01 to 2025-04-30,2026-02-01 to 2026-04-30,2944,2695,-249,-0.0846,27141,34218,7077,0.2607,6.828868869975314,6.754989479221465,-0.07,0.0039,Decline,270.07,Traffic Loss Despite Position Gain
France,hestra gloves,/fr/brands/hestra/gloves,2025-02-01 to 2025-04-30,2026-02-01 to 2026-04-30,2762,2522,-240,-0.0869,26905,33011,6106,0.2269,6.300849284519603,7.353582139286899,1.05,0.0038,Decline,260.86,Traffic Loss + Ranking Decline
France,outdoor rain jacket,/fr/outdoor/waterproof-jackets,2025-02-01 to 2025-04-30,2026-02-01 to 2026-04-30,2843,2617,-226,-0.0795,28014,34200,6186,0.2208,6.4094677661169355,6.7057321637426925,0.3,0.0036,Decline,243.97,Traffic Loss + Ranking Decline
France,skis,/fr/snowsports/skis,2025-02-01 to 2025-04-30,2026-02-01 to 2026-04-30,2647,2486,-161,-0.0608,26244,31606,5362,0.2043,6.897934003962815,7.102795988103528,0.2,0.0025,Decline,170.79,Traffic Loss + Ranking Decline
Germany,lightweight walking shoes,/de/hiking/walking-shoes,2025-02-01 to 2025-04-30,2026-02-01 to 2026-04-30,3441,2435,-1006,-0.2924,32051,33388,1337,0.0417,6.645103428910174,7.017329579489634,0.37,0.0159,Strong Decline,1300.15,Traffic Loss + Ranking Decline
Germany,rock climbing rope,/de/climbing/ropes,2025-02-01 to 2025-04-30,2026-02-01 to 2026-04-30,3218,2359,-859,-0.2669,30469,32238,1769,0.0581,7.340222193048673,7.431959178609094,0.09,0.0135,Strong Decline,1088.27,Traffic Loss + Ranking Decline
Germany,ski jackets,/de/snowsports/ski-jackets,2025-02-01 to 2025-04-30,2026-02-01 to 2026-04-30,3071,2237,-834,-0.2716,28525,29520,995,0.0349,6.234956704645046,7.060505420054198,0.83,0.0131,Strong Decline,1060.51,Traffic Loss + Ranking Decline
Germany,outdoor rain jacket,/de/outdoor/waterproof-jackets,2025-02-01 to 2025-04-30,2026-02-01 to 2026-04-30,3382,2615,-767,-0.2268,32097,35465,3368,0.1049,6.88134498551266,7.606522486958972,0.73,0.0121,Strong Decline,940.96,Traffic Loss + Ranking Decline
Germany,open water wetsuit,/de/swimming/open-water-swimming,2025-02-01 to 2025-04-30,2026-02-01 to 2026-04-30,3093,2372,-721,-0.2331,29188,31626,2438,0.0835,7.551432780594765,7.918190096755836,0.37,0.0114,Strong Decline,889.07,Traffic Loss + Ranking Decline
Germany,outdoor walking shoes,/de/hiking/walking-shoes,2025-02-01 to 2025-04-30,2026-02-01 to 2026-04-30,3208,2507,-701,-0.2185,30027,33490,3463,0.1153,7.459973024278152,7.65240370259779,0.19,0.011,Strong Decline,854.17,Traffic Loss + Ranking Decline
Germany,burton snowboard boots,/de/snowsports/snowboard-boots,2025-02-01 to 2025-04-30,2026-02-01 to 2026-04-30,3180,2538,-642,-0.2019,29596,32909,3313,0.1119,6.882962900391948,6.403210064116201,-0.48,0.0101,Strong Decline,771.62,Traffic Loss Despite Position Gain
Germany,north face waterproof jacket,/de/outdoor/waterproof-jackets,2025-02-01 to 2025-04-30,2026-02-01 to 2026-04-30,3367,2728,-639,-0.1898,29953,35242,5289,0.1766,7.053636363636366,7.066079677657342,0.01,0.0101,Decline,760.28,Traffic Loss + Ranking Decline
Germany,running shoes,/de/running/running-shoes,2025-02-01 to 2025-04-30,2026-02-01 to 2026-04-30,3080,2457,-623,-0.2023,29351,33679,4328,0.1475,7.646715273755581,7.059102111107815,-0.59,0.0098,Strong Decline,749.03,Traffic Loss Despite Position Gain
Germany,walking shoes,/de/hiking/walking-shoes,2025-02-01 to 2025-04-30,2026-02-01 to 2026-04-30,3205,2580,-625,-0.195,30854,34975,4121,0.1336,6.981642574706684,7.4837126518942085,0.5,0.0098,Decline,746.88,Traffic Loss + Ranking Decline
Germany,waterproof jackets,/de/outdoor/waterproof-jackets,2025-02-01 to 2025-04-30,2026-02-01 to 2026-04-30,3205,2589,-616,-0.1922,30791,33034,2243,0.0728,7.152690721314672,7.3947048495489485,0.24,0.0097,Decline,734.4,Traffic Loss + Ranking Decline
Germany,family camping tent,/de/camping/tents,2025-02-01 to 2025-04-30,2026-02-01 to 2026-04-30,3069,2467,-602,-0.1962,29528,33124,3596,0.1218,7.330615686805748,7.643634222919938,0.31,0.0095,Decline,720.11,Traffic Loss + Ranking Decline
Germany,camping tents,/de/camping/tents,2025-02-01 to 2025-04-30,2026-02-01 to 2026-04-30,3120,2518,-602,-0.1929,28753,33894,5141,0.1788,6.503440336660517,7.5090213607128105,1.01,0.0095,Decline,718.13,Traffic Loss + Ranking Decline
Germany,all mountain skis,/de/snowsports/skis,2025-02-01 to 2025-04-30,2026-02-01 to 2026-04-30,3162,2576,-586,-0.1853,29191,33008,3817,0.1308,6.559148710218902,6.802528477944747,0.24,0.0092,Decline,694.59,Traffic Loss + Ranking Decline
Germany,climbing ropes,/de/climbing/ropes,2025-02-01 to 2025-04-30,2026-02-01 to 2026-04-30,3160,2577,-583,-0.1845,28914,35669,6755,0.2336,7.483248945147676,7.579580027474839,0.1,0.0092,Decline,690.56,Traffic Loss + Ranking Decline
Germany,oakley sunglasses,/de/accessories/sunglasses/oakley,2025-02-01 to 2025-04-30,2026-02-01 to 2026-04-30,3220,2649,-571,-0.1773,30481,34694,4213,0.1382,7.157832092122963,7.019194673430558,-0.14,0.009,Decline,672.24,Traffic Loss Despite Position Gain
Germany,waterproof hiking boots,/de/hiking/hiking-boots,2025-02-01 to 2025-04-30,2026-02-01 to 2026-04-30,3195,2636,-559,-0.175,30614,34290,3676,0.1201,7.474567518128966,7.3209702537182855,-0.15,0.0088,Decline,656.83,Traffic Loss Despite Position Gain
Germany,hiking boots,/de/hiking/hiking-boots,2025-02-01 to 2025-04-30,2026-02-01 to 2026-04-30,2858,2333,-525,-0.1837,26956,31974,5018,0.1862,7.330092743730529,7.3956330143241376,0.07,0.0083,Decline,621.44,Traffic Loss + Ranking Decline
Germany,wild swimming gear,/de/swimming/open-water-swimming,2025-02-01 to 2025-04-30,2026-02-01 to 2026-04-30,2913,2403,-510,-0.1751,27984,32040,4056,0.1449,7.004060177244141,7.1557000624219755,0.15,0.008,Decline,599.3,Traffic Loss + Ranking Decline
Germany,waterproof ski jacket,/de/snowsports/ski-jackets,2025-02-01 to 2025-04-30,2026-02-01 to 2026-04-30,3036,2559,-477,-0.1571,28892,33366,4474,0.1549,7.478378443859889,7.194307079062522,-0.28,0.0075,Decline,551.94,Traffic Loss Despite Position Gain
Germany,womens ski boots,/de/snowsports/ski-boots,2025-02-01 to 2025-04-30,2026-02-01 to 2026-04-30,2963,2490,-473,-0.1596,27937,32895,4958,0.1775,6.871155098972689,6.366882808937533,-0.5,0.0075,Decline,548.49,Traffic Loss Despite Position Gain
Germany,patagonia fleece,/de/brands/patagonia/fleeces,2025-02-01 to 2025-04-30,2026-02-01 to 2026-04-30,3108,2663,-445,-0.1432,30304,34513,4209,0.1389,6.749861074445621,7.234407035030278,0.48,0.007,Decline,508.72,Traffic Loss + Ranking Decline
Germany,open water swimming,/de/swimming/open-water-swimming,2025-02-01 to 2025-04-30,2026-02-01 to 2026-04-30,3149,2718,-431,-0.1369,29450,36196,6746,0.2291,6.759123599320885,7.549469278373299,0.79,0.0068,Decline,490.0,Traffic Loss + Ranking Decline
Germany,fleece mid layer,/de/brands/patagonia/fleeces,2025-02-01 to 2025-04-30,2026-02-01 to 2026-04-30,3129,2709,-420,-0.1342,30159,35012,4853,0.1609,6.925866905401372,7.863570490117669,0.94,0.0066,Decline,476.36,Traffic Loss + Ranking Decline
Germany,atomic skis,/de/snowsports/skis,2025-02-01 to 2025-04-30,2026-02-01 to 2026-04-30,2969,2554,-415,-0.1398,27496,33283,5787,0.2105,7.129858524876344,7.109783372893068,-0.02,0.0065,Decline,473.02,Traffic Loss Despite Position Gain
Germany,salomon running shoes,/de/running/running-shoes,2025-02-01 to 2025-04-30,2026-02-01 to 2026-04-30,3041,2631,-410,-0.1348,28928,35013,6085,0.2103,7.049009610066371,7.7908174106760315,0.74,0.0065,Decline,465.27,Traffic Loss + Ranking Decline
Germany,trail running shoes,/de/running/running-shoes,2025-02-01 to 2025-04-30,2026-02-01 to 2026-04-30,3013,2608,-405,-0.1344,28812,35204,6392,0.2219,7.324145147855061,8.162677820702193,0.84,0.0064,Decline,459.43,Traffic Loss + Ranking Decline
Germany,winter gloves,/de/brands/hestra/gloves,2025-02-01 to 2025-04-30,2026-02-01 to 2026-04-30,2887,2498,-389,-0.1347,28312,33264,4952,0.1749,7.24693380898559,7.169338624338625,-0.08,0.0061,Decline,441.4,Traffic Loss Despite Position Gain
Germany,mens ski boots,/de/snowsports/ski-boots,2025-02-01 to 2025-04-30,2026-02-01 to 2026-04-30,3088,2697,-391,-0.1266,29338,33339,4001,0.1364,7.127735360283599,7.35294249977504,0.23,0.0062,Decline,440.5,Traffic Loss + Ranking Decline
Germany,lightweight tent,/de/camping/tents,2025-02-01 to 2025-04-30,2026-02-01 to 2026-04-30,3058,2675,-383,-0.1252,29000,34887,5887,0.203,7.042860000000004,7.010323042967292,-0.03,0.006,Decline,430.95,Traffic Loss Despite Position Gain
Germany,hestra gloves,/de/brands/hestra/gloves,2025-02-01 to 2025-04-30,2026-02-01 to 2026-04-30,3154,2778,-376,-0.1192,29993,35772,5779,0.1927,7.183598172907009,7.515129151291516,0.33,0.0059,Decline,420.82,Traffic Loss + Ranking Decline
Germany,ski sunglasses,/de/accessories/sunglasses/oakley,2025-02-01 to 2025-04-30,2026-02-01 to 2026-04-30,2983,2611,-372,-0.1247,28374,32868,4494,0.1584,7.490374286318466,7.054811062431551,-0.44,0.0059,Decline,418.39,Traffic Loss Despite Position Gain
Germany,snowboard boots,/de/snowsports/snowboard-boots,2025-02-01 to 2025-04-30,2026-02-01 to 2026-04-30,2954,2591,-363,-0.1229,27731,34169,6438,0.2322,7.114520933251591,6.966293423863735,-0.15,0.0057,Decline,407.61,Traffic Loss Despite Position Gain
Germany,helly hansen ski jacket,/de/snowsports/ski-jackets,2025-02-01 to 2025-04-30,2026-02-01 to 2026-04-30,2857,2538,-319,-0.1117,27110,32777,5667,0.209,7.000059756547393,6.76134484547091,-0.24,0.005,Decline,354.63,Traffic Loss Despite Position Gain
Germany,indoor climbing rope,/de/climbing/ropes,2025-02-01 to 2025-04-30,2026-02-01 to 2026-04-30,3075,2763,-312,-0.1015,28656,36916,8260,0.2882,6.497774986041315,7.4687170874417586,0.97,0.0049,Decline,343.67,Traffic Loss + Ranking Decline
Germany,sports sunglasses,/de/accessories/sunglasses/oakley,2025-02-01 to 2025-04-30,2026-02-01 to 2026-04-30,3180,2870,-310,-0.0975,30114,37581,7467,0.248,7.106994753270905,7.399372821372501,0.29,0.0049,Decline,340.23,Traffic Loss + Ranking Decline
Germany,mens hiking boots,/de/hiking/hiking-boots,2025-02-01 to 2025-04-30,2026-02-01 to 2026-04-30,2903,2604,-299,-0.103,28339,34787,6448,0.2275,7.1062997988637555,7.722055652973813,0.62,0.0047,Decline,329.8,Traffic Loss + Ranking Decline
Germany,skis,/de/snowsports/skis,2025-02-01 to 2025-04-30,2026-02-01 to 2026-04-30,2762,2470,-292,-0.1057,26818,31560,4742,0.1768,6.765945633529714,6.972418884664126,0.21,0.0046,Decline,322.86,Traffic Loss + Ranking Decline
Germany,ski boots,/de/snowsports/ski-boots,2025-02-01 to 2025-04-30,2026-02-01 to 2026-04-30,2764,2477,-287,-0.1038,26439,32656,6217,0.2351,6.869680018155002,6.667701494365506,-0.2,0.0045,Decline,316.79,Traffic Loss Despite Position Gain
Germany,mens snowboard boots,/de/snowsports/snowboard-boots,2025-02-01 to 2025-04-30,2026-02-01 to 2026-04-30,2863,2653,-210,-0.0733,28090,34269,6179,0.22,7.026516909932358,7.557202427850242,0.53,0.0033,Decline,225.39,Traffic Loss + Ranking Decline
Germany,outdoor fleece,/de/brands/patagonia/fleeces,2025-02-01 to 2025-04-30,2026-02-01 to 2026-04-30,2987,2826,-161,-0.0539,28932,36024,7092,0.2451,6.683775404396516,7.635512436153675,0.95,0.0025,Decline,169.68,Traffic Loss + Ranking Decline
Germany,ski gloves,/de/brands/hestra/gloves,2025-02-01 to 2025-04-30,2026-02-01 to 2026-04-30,2526,2613,87,0.0344,24965,34182,9217,0.3692,6.944508311636291,7.004805453162483,0.06,-0.0014,Growth,89.99,Growth Despite Position Loss
United Kingdom,hestra gloves,/gb/brands/hestra/gloves,2025-02-01 to 2025-04-30,2026-02-01 to 2026-04-30,3849,2896,-953,-0.2476,36349,38280,1931,0.0531,7.1938221134006355,7.04401750261233,-0.15,0.015,Strong Decline,1188.96,Traffic Loss Despite Position Gain
United Kingdom,running shoes,/gb/running/running-shoes,2025-02-01 to 2025-04-30,2026-02-01 to 2026-04-30,3505,2678,-827,-0.2359,33694,36253,2559,0.0759,6.773526147088507,7.778156566353128,1.0,0.013,Strong Decline,1022.09,Traffic Loss + Ranking Decline
United Kingdom,wild swimming gear,/gb/swimming/open-water-swimming,2025-02-01 to 2025-04-30,2026-02-01 to 2026-04-30,3389,2599,-790,-0.2331,32874,36279,3405,0.1036,6.9693952667761785,7.597225943383229,0.63,0.0124,Strong Decline,974.15,Traffic Loss + Ranking Decline
United Kingdom,walking shoes,/gb/hiking/walking-shoes,2025-02-01 to 2025-04-30,2026-02-01 to 2026-04-30,3483,2700,-783,-0.2248,33242,35659,2417,0.0727,7.269136032729677,7.914808323284446,0.65,0.0123,Strong Decline,959.02,Traffic Loss + Ranking Decline
United Kingdom,waterproof hiking boots,/gb/hiking/hiking-boots,2025-02-01 to 2025-04-30,2026-02-01 to 2026-04-30,3684,2916,-768,-0.2085,33595,39616,6021,0.1792,6.774478940318497,7.653263580371566,0.88,0.0121,Strong Decline,928.13,Traffic Loss + Ranking Decline
United Kingdom,burton snowboard boots,/gb/snowsports/snowboard-boots,2025-02-01 to 2025-04-30,2026-02-01 to 2026-04-30,3444,2686,-758,-0.2201,31621,35689,4068,0.1286,7.2936867904240845,6.616650788758447,-0.68,0.0119,Strong Decline,924.84,Traffic Loss Despite Position Gain
United Kingdom,ski jackets,/gb/snowsports/ski-jackets,2025-02-01 to 2025-04-30,2026-02-01 to 2026-04-30,3370,2620,-750,-0.2226,32363,34567,2204,0.0681,6.752953372678677,6.922832180981861,0.17,0.0118,Strong Decline,916.95,Traffic Loss + Ranking Decline
United Kingdom,oakley sunglasses,/gb/accessories/sunglasses/oakley,2025-02-01 to 2025-04-30,2026-02-01 to 2026-04-30,3591,2853,-738,-0.2055,34539,37346,2807,0.0813,7.357799588870548,7.33152707117228,-0.03,0.0116,Strong Decline,889.66,Traffic Loss Despite Position Gain
United Kingdom,camping tents,/gb/camping/tents,2025-02-01 to 2025-04-30,2026-02-01 to 2026-04-30,3551,2848,-703,-0.198,32161,38870,6709,0.2086,6.712646994807371,8.5054576794443,1.79,0.0111,Decline,842.19,Traffic Loss + Ranking Decline
United Kingdom,climbing ropes,/gb/climbing/ropes,2025-02-01 to 2025-04-30,2026-02-01 to 2026-04-30,3636,2933,-703,-0.1933,33468,38512,5044,0.1507,7.462938926735985,7.961327638138767,0.5,0.0111,Decline,838.89,Traffic Loss + Ranking Decline
United Kingdom,mens ski boots,/gb/snowsports/ski-boots,2025-02-01 to 2025-04-30,2026-02-01 to 2026-04-30,3290,2624,-666,-0.2024,31785,33783,1998,0.0629,8.078097530281577,7.115530000296011,-0.96,0.0105,Strong Decline,800.8,Traffic Loss Despite Position Gain
United Kingdom,waterproof ski jacket,/gb/snowsports/ski-jackets,2025-02-01 to 2025-04-30,2026-02-01 to 2026-04-30,3375,2723,-652,-0.1932,31939,36034,4095,0.1282,7.1840524124111615,7.343510018316036,0.16,0.0103,Decline,777.97,Traffic Loss + Ranking Decline
United Kingdom,mens hiking boots,/gb/hiking/hiking-boots,2025-02-01 to 2025-04-30,2026-02-01 to 2026-04-30,3468,2828,-640,-0.1845,32187,36902,4715,0.1465,7.111524528536362,7.5449479702997095,0.43,0.0101,Decline,758.08,Traffic Loss + Ranking Decline
United Kingdom,rock climbing rope,/gb/climbing/ropes,2025-02-01 to 2025-04-30,2026-02-01 to 2026-04-30,3439,2807,-632,-0.1838,31897,38224,6327,0.1984,7.061333981252158,8.053062735454162,0.99,0.01,Decline,748.16,Traffic Loss + Ranking Decline
United Kingdom,womens ski boots,/gb/snowsports/ski-boots,2025-02-01 to 2025-04-30,2026-02-01 to 2026-04-30,3531,2904,-627,-0.1776,33144,36686,3542,0.1069,7.131874245715666,7.581765251049444,0.45,0.0099,Decline,738.36,Traffic Loss + Ranking Decline
United Kingdom,all mountain skis,/gb/snowsports/skis,2025-02-01 to 2025-04-30,2026-02-01 to 2026-04-30,3280,2686,-594,-0.1811,30838,35017,4179,0.1355,7.092037097088014,6.993015392523632,-0.1,0.0094,Decline,701.57,Traffic Loss Despite Position Gain
United Kingdom,open water swimming,/gb/swimming/open-water-swimming,2025-02-01 to 2025-04-30,2026-02-01 to 2026-04-30,3353,2760,-593,-0.1769,31498,36287,4789,0.152,7.186688678646269,7.230641827651774,0.04,0.0093,Decline,697.9,Traffic Loss + Ranking Decline
United Kingdom,skis,/gb/snowsports/skis,2025-02-01 to 2025-04-30,2026-02-01 to 2026-04-30,3369,2776,-593,-0.176,31884,35911,4027,0.1263,7.3849473089951045,6.732784105148836,-0.65,0.0093,Decline,697.37,Traffic Loss Despite Position Gain
United Kingdom,indoor climbing rope,/gb/climbing/ropes,2025-02-01 to 2025-04-30,2026-02-01 to 2026-04-30,3494,2930,-564,-0.1614,33306,38361,5055,0.1518,7.049426529754402,7.457850942363337,0.41,0.0089,Decline,655.03,Traffic Loss + Ranking Decline
United Kingdom,snowboard boots,/gb/snowsports/snowboard-boots,2025-02-01 to 2025-04-30,2026-02-01 to 2026-04-30,3506,2944,-562,-0.1603,33816,38236,4420,0.1307,6.929262479299736,7.282021131917567,0.35,0.0089,Decline,652.09,Traffic Loss + Ranking Decline
United Kingdom,outdoor fleece,/gb/brands/patagonia/fleeces,2025-02-01 to 2025-04-30,2026-02-01 to 2026-04-30,3628,3066,-562,-0.1549,34733,40116,5383,0.155,7.219411510667085,6.961229933193736,-0.26,0.0089,Decline,649.05,Traffic Loss Despite Position Gain
United Kingdom,lightweight tent,/gb/camping/tents,2025-02-01 to 2025-04-30,2026-02-01 to 2026-04-30,3570,3018,-552,-0.1546,33979,38893,4914,0.1446,6.5928611789634735,7.213744632710256,0.62,0.0087,Decline,637.34,Traffic Loss + Ranking Decline
United Kingdom,fleece mid layer,/gb/brands/patagonia/fleeces,2025-02-01 to 2025-04-30,2026-02-01 to 2026-04-30,3674,3123,-551,-0.15,33338,40119,6781,0.2034,7.240003299538066,7.249922480620155,0.01,0.0087,Decline,633.65,Traffic Loss + Ranking Decline
United Kingdom,mens snowboard boots,/gb/snowsports/snowboard-boots,2025-02-01 to 2025-04-30,2026-02-01 to 2026-04-30,3493,2946,-547,-0.1566,31896,38534,6638,0.2081,6.829710622021564,6.60955441947371,-0.22,0.0086,Decline,632.66,Traffic Loss Despite Position Gain
United Kingdom,outdoor rain jacket,/gb/outdoor/waterproof-jackets,2025-02-01 to 2025-04-30,2026-02-01 to 2026-04-30,3536,2991,-545,-0.1541,32930,38786,5856,0.1778,7.136478894624968,7.555341618109623,0.42,0.0086,Decline,628.98,Traffic Loss + Ranking Decline
United Kingdom,lightweight walking shoes,/gb/hiking/walking-shoes,2025-02-01 to 2025-04-30,2026-02-01 to 2026-04-30,3227,2692,-535,-0.1658,31660,36597,4937,0.1559,6.7752795325331645,7.961488100117499,1.19,0.0084,Decline,623.7,Traffic Loss + Ranking Decline
United Kingdom,sports sunglasses,/gb/accessories/sunglasses/oakley,2025-02-01 to 2025-04-30,2026-02-01 to 2026-04-30,3421,2903,-518,-0.1514,32916,38240,5324,0.1617,6.876652691700085,7.440175470711303,0.56,0.0082,Decline,596.43,Traffic Loss + Ranking Decline
United Kingdom,outdoor walking shoes,/gb/hiking/walking-shoes,2025-02-01 to 2025-04-30,2026-02-01 to 2026-04-30,3336,2844,-492,-0.1475,31465,38811,7346,0.2335,7.116414110916891,8.324387158279865,1.21,0.0078,Decline,564.57,Traffic Loss + Ranking Decline
United Kingdom,winter gloves,/gb/brands/hestra/gloves,2025-02-01 to 2025-04-30,2026-02-01 to 2026-04-30,3395,2908,-487,-0.1434,32038,36728,4690,0.1464,7.2187180847743315,6.739537137878456,-0.48,0.0077,Decline,556.84,Traffic Loss Despite Position Gain
United Kingdom,salomon running shoes,/gb/running/running-shoes,2025-02-01 to 2025-04-30,2026-02-01 to 2026-04-30,3453,2991,-462,-0.1338,32352,39632,7280,0.225,6.493016505934719,7.692743237787645,1.2,0.0073,Decline,523.82,Traffic Loss + Ranking Decline
United Kingdom,ski sunglasses,/gb/accessories/sunglasses/oakley,2025-02-01 to 2025-04-30,2026-02-01 to 2026-04-30,3244,2823,-421,-0.1298,31459,35441,3982,0.1266,7.280211068374707,6.747138906915719,-0.53,0.0066,Decline,475.65,Traffic Loss Despite Position Gain
United Kingdom,helly hansen ski jacket,/gb/snowsports/ski-jackets,2025-02-01 to 2025-04-30,2026-02-01 to 2026-04-30,3356,2940,-416,-0.124,31029,37958,6929,0.2233,7.061234329175928,7.230753464355337,0.17,0.0066,Decline,467.58,Traffic Loss + Ranking Decline
United Kingdom,open water wetsuit,/gb/swimming/open-water-swimming,2025-02-01 to 2025-04-30,2026-02-01 to 2026-04-30,3565,3147,-418,-0.1173,34394,41494,7100,0.2064,6.851983194743265,7.453327710030365,0.6,0.0066,Decline,467.03,Traffic Loss + Ranking Decline
United Kingdom,hiking boots,/gb/hiking/hiking-boots,2025-02-01 to 2025-04-30,2026-02-01 to 2026-04-30,3325,2919,-406,-0.1221,31916,39206,7290,0.2284,7.356749279358312,6.86301484466663,-0.49,0.0064,Decline,455.57,Traffic Loss Despite Position Gain
United Kingdom,waterproof jackets,/gb/outdoor/waterproof-jackets,2025-02-01 to 2025-04-30,2026-02-01 to 2026-04-30,3415,3023,-392,-0.1148,32292,37345,5053,0.1565,7.2577824228911165,7.173532199759006,-0.08,0.0062,Decline,437.0,Traffic Loss Despite Position Gain
United Kingdom,atomic skis,/gb/snowsports/skis,2025-02-01 to 2025-04-30,2026-02-01 to 2026-04-30,3299,2912,-387,-0.1173,30561,37470,6909,0.2261,7.008117208206539,7.448383506805443,0.44,0.0061,Decline,432.4,Traffic Loss + Ranking Decline
United Kingdom,patagonia fleece,/gb/brands/patagonia/fleeces,2025-02-01 to 2025-04-30,2026-02-01 to 2026-04-30,3462,3109,-353,-0.102,32984,41233,8249,0.2501,7.102902922629153,7.283378604515799,0.18,0.0056,Decline,389.01,Traffic Loss + Ranking Decline
United Kingdom,ski boots,/gb/snowsports/ski-boots,2025-02-01 to 2025-04-30,2026-02-01 to 2026-04-30,3208,2858,-350,-0.1091,29828,36706,6878,0.2306,6.466537816816417,6.827502315697705,0.36,0.0055,Decline,388.19,Traffic Loss + Ranking Decline
United Kingdom,north face waterproof jacket,/gb/outdoor/waterproof-jackets,2025-02-01 to 2025-04-30,2026-02-01 to 2026-04-30,3363,3017,-346,-0.1029,32000,39320,7320,0.2288,7.322105625000004,7.307435147507625,-0.01,0.0055,Decline,381.6,Traffic Loss Despite Position Gain
United Kingdom,trail running shoes,/gb/running/running-shoes,2025-02-01 to 2025-04-30,2026-02-01 to 2026-04-30,3343,3050,-293,-0.0876,32467,39362,6895,0.2124,6.629725259494253,8.051039581322087,1.42,0.0046,Decline,318.67,Traffic Loss + Ranking Decline
United Kingdom,family camping tent,/gb/camping/tents,2025-02-01 to 2025-04-30,2026-02-01 to 2026-04-30,3047,2942,-105,-0.0345,29777,39626,9849,0.3308,7.171166336434161,7.380906475546356,0.21,0.0017,Decline,108.62,Traffic Loss + Ranking Decline
United Kingdom,ski gloves,/gb/brands/hestra/gloves,2025-02-01 to 2025-04-30,2026-02-01 to 2026-04-30,3097,3125,28,0.009,29296,38607,9311,0.3178,7.2868732932823574,7.194585437873966,-0.09,-0.0004,Growth,28.25,Growth + Ranking Improvement
